Environment,DLiSA-0.3_Mean,DLiSA-I_Mean,Wilcoxon_p,A12,Label
Johnny_1280x720_60_short.y4m,0.9326999999999999,1.4659108771752676,1.5132605604223677e-06,0.69675,1
Netflix_Crosswalk_4096x2160_60fps_10bit_420_short.y4m,3.4959999999999996,5.120110871424348,8.41218334146071e-07,0.7016,1
blue_sky_1080p25_short.y4m,1.3133000000000001,2.1310318186993293,0.004441776075513124,0.6164000000000001,1
pedestrian_area_1080p25_short.y4m,1.6130000000000004,2.27701022159494,1.1841205084211379e-06,0.6988,1
riverbed_1080p25_short.y4m,3.1849000000000003,4.688422096061655,3.9523420521825506e-05,0.6682,1
sd_bridge_close_cif_short.y4m,0.10019999999999998,0.1303,8.644429471854515e-06,0.67825,1
sd_city_4cif_short.y4m,0.5887,0.9174200489192187,0.002027509484035287,0.62615,1
sd_crew_cif_short.y4m,0.1368,0.18711372798746173,6.539173017162131e-05,0.65585,1
sintel_trailer_2k_720p24_short.y4m,0.24710000000000004,0.28269999999999995,0.05602696195285155,0.5774,0
