workload,baseline_b,baseline_T,compared_m,s,label
Johnny_1280x720_60_short.y4m,80,0.9646000000000003,40,2.0,1
Netflix_Crosswalk_4096x2160_60fps_10bit_420_short.y4m,80,3.9271999999999996,40,2.0,1
blue_sky_1080p25_short.y4m,80,1.4217,40,2.0,1
pedestrian_area_1080p25_short.y4m,80,1.756599999999999,40,2.0,1
riverbed_1080p25_short.y4m,80,3.53,40,2.0,1
sd_bridge_close_cif_short.y4m,80,0.10519999999999988,40,2.0,1
sd_city_4cif_short.y4m,80,0.6321999999999999,40,2.0,1
sd_crew_cif_short.y4m,80,0.1462000000000001,40,2.0,1
sintel_trailer_2k_720p24_short.y4m,80,0.25319999999999987,40,2.0,1
