workload,baseline_b,baseline_T,compared_m,s,label
Johnny_1280x720_60_short.y4m,80,1.6456100413499066,38,2.1052631578947367,1
Netflix_Crosswalk_4096x2160_60fps_10bit_420_short.y4m,80,6.66543872277593,37,2.1621621621621623,1
blue_sky_1080p25_short.y4m,80,3.0060709657034215,36,2.2222222222222223,1
pedestrian_area_1080p25_short.y4m,80,3.2675341612830584,38,2.1052631578947367,1
riverbed_1080p25_short.y4m,80,6.324256054594746,37,2.1621621621621623,1
sd_bridge_close_cif_short.y4m,80,0.14101025157393265,38,2.1052631578947367,1
sd_city_4cif_short.y4m,80,1.0918655077511696,38,2.1052631578947367,1
sd_crew_cif_short.y4m,80,0.2615447000719724,37,2.1621621621621623,1
sintel_trailer_2k_720p24_short.y4m,80,0.3479106468600632,38,2.1052631578947367,1
